URL,Last Modified,Change Frequency,Priority
"https://infina.cz/","","weekly","0.5"
"https://infina.cz/?do=login","","weekly","0.5"
"https://infina.cz/aktivity","","weekly","0.5"
"https://infina.cz/aktivity?do=login","","weekly","0.5"
"https://infina.cz/blog","","weekly","0.5"
"https://infina.cz/blog/aktivity-pod-kontrolou-jak-si-poradit-s-kazdodennim-planovanim-bez-nervu-a-chaosu_18","","weekly","0.5"
"https://infina.cz/blog/crm-je-chytre-reseni-pro-dodavatele-tepelnych-cerpadel_7","","weekly","0.5"
"https://infina.cz/blog/crm-system-infina-pro-vas-byznys_5","","weekly","0.5"
"https://infina.cz/blog/evidence-firemnich-dokumentu-dms_11","","weekly","0.5"
"https://infina.cz/blog/jak-crm-system-pomaha-obchodnikum_3","","weekly","0.5"
"https://infina.cz/blog/jak-mit-dulezite-informace-o-klientech-pod-kontrolou_13","","weekly","0.5"
"https://infina.cz/blog/jak-muzete-vyuzit-kalendar-a-schuzky_6","","weekly","0.5"
"https://infina.cz/blog/jak-nezapomenout-na-dulezite-terminy-a-vyroci_22","","weekly","0.5"
"https://infina.cz/blog/jak-se-stat-datovym-superhrdinou_23","","weekly","0.5"
"https://infina.cz/blog/jak-vytvorit-cilene-a-personalizovane-emaily_10","","weekly","0.5"
"https://infina.cz/blog/kategorie-fotovoltaika-tepeln%C3%A1-%C4%8Derpadla","","weekly","0.5"
"https://infina.cz/blog/kategorie-funkce-crm-infina","","weekly","0.5"
"https://infina.cz/blog/kategorie-obchodni-dovednosti","","weekly","0.5"
"https://infina.cz/blog/kategorie-obchodni-dovednosti?do=login","","weekly","0.5"
"https://infina.cz/blog/nastenka-vase-produktivita-na-jednom-miste_17","","weekly","0.5"
"https://infina.cz/blog/oslavili-jsme-uspechy-roku-2024_16","","weekly","0.5"
"https://infina.cz/blog/poznejte-lumi-vasi-virtualni-asistentku_14","","weekly","0.5"
"https://infina.cz/blog/proc-vyuzivat-crm-system-infina_4","","weekly","0.5"
"https://infina.cz/blog/propojte-infina-crm-pomoci-platformy-make_15","","weekly","0.5"
"https://infina.cz/blog/rozsirena-verze-kalkulatoru-pro-dodavatele-fotovoltaiky_8","","weekly","0.5"
"https://infina.cz/blog/sprava-vsech-obchodu-na-jednom-miste_12","","weekly","0.5"
"https://infina.cz/blog/spravujte-svoje-ukoly-bez-stresu-a-s-usmevem_19","","weekly","0.5"
"https://infina.cz/blog/tri-jednoduche-kroky-jak-efektivne-zavest-ve-firme-strategii-a-planovani_9","","weekly","0.5"
"https://infina.cz/blog/udrzte-si-prehled-nad-vasimi-osobnimi-i-pracovnimi-vizemi_21","","weekly","0.5"
"https://infina.cz/blog/ukoly-a-aktivity-pod-kontrolou-na-jedno-kliknuti_20","","weekly","0.5"
"https://infina.cz/blog?do=login","","weekly","0.5"
"https://infina.cz/callcentrum","","weekly","0.5"
"https://infina.cz/callcentrum?do=login","","weekly","0.5"
"https://infina.cz/cena","","weekly","0.5"
"https://infina.cz/cena?do=login","","weekly","0.5"
"https://infina.cz/cestovni-prikazy","","weekly","0.5"
"https://infina.cz/cestovni-prikazy?do=login","","weekly","0.5"
"https://infina.cz/chytry-kalendar","","weekly","0.5"
"https://infina.cz/chytry-kalendar?do=login","","weekly","0.5"
"https://infina.cz/cile","","weekly","0.5"
"https://infina.cz/cile?do=login","","weekly","0.5"
"https://infina.cz/crm-je-chytre-reseni-pro-dodavatele-tepelnych-cerpadel","","weekly","0.5"
"https://infina.cz/crm-system-infina-pro-vas-byznys","","weekly","0.5"
"https://infina.cz/dokumenty","","weekly","0.5"
"https://infina.cz/dokumenty?do=login","","weekly","0.5"
"https://infina.cz/faktury-platby","","weekly","0.5"
"https://infina.cz/faktury-platby?do=login","","weekly","0.5"
"https://infina.cz/generovani-dokumentu","","weekly","0.5"
"https://infina.cz/generovani-dokumentu?do=login","","weekly","0.5"
"https://infina.cz/infina-crm","","weekly","0.5"
"https://infina.cz/infina-crm-pro-fotovoltaiku","","weekly","0.5"
"https://infina.cz/infina-crm-pro-fotovoltaiku?do=login","","weekly","0.5"
"https://infina.cz/infina-crm?do=login","","weekly","0.5"
"https://infina.cz/jak-crm-system-pomaha-obchodnikum","","weekly","0.5"
"https://infina.cz/jak-muzete-vyuzit-kalendar-a-schuzky","","weekly","0.5"
"https://infina.cz/jednoduchy-emailing","","weekly","0.5"
"https://infina.cz/jednoduchy-emailing?do=login","","weekly","0.5"
"https://infina.cz/kariera","","weekly","0.5"
"https://infina.cz/kariera?do=login","","weekly","0.5"
"https://infina.cz/kontakt","","weekly","0.5"
"https://infina.cz/kontakt?do=login","","weekly","0.5"
"https://infina.cz/lumi-virtualni-asistentka","","weekly","0.5"
"https://infina.cz/lumi-virtualni-asistentka?do=login","","weekly","0.5"
"https://infina.cz/moduly","","weekly","0.5"
"https://infina.cz/moduly?do=login","","weekly","0.5"
"https://infina.cz/o-nas","","weekly","0.5"
"https://infina.cz/o-nas?do=login","","weekly","0.5"
"https://infina.cz/obchodni-podminky","","weekly","0.5"
"https://infina.cz/obchodni-podminky?do=login","","weekly","0.5"
"https://infina.cz/obchodni-pripady","","weekly","0.5"
"https://infina.cz/obchodni-pripady?do=login","","weekly","0.5"
"https://infina.cz/organizace","","weekly","0.5"
"https://infina.cz/organizace?do=login","","weekly","0.5"
"https://infina.cz/oslavili-jsme-uspechy-roku-2024","","weekly","0.5"
"https://infina.cz/prehledna-nastenka","","weekly","0.5"
"https://infina.cz/prehledna-nastenka?do=login","","weekly","0.5"
"https://infina.cz/pripadova-studie-geco","","weekly","0.5"
"https://infina.cz/pripadova-studie-geco?do=login","","weekly","0.5"
"https://infina.cz/proc-vyuzivat-crm-system-infina","","weekly","0.5"
"https://infina.cz/projekty","","weekly","0.5"
"https://infina.cz/projekty?do=login","","weekly","0.5"
"https://infina.cz/reference","","weekly","0.5"
"https://infina.cz/reference?do=login","","weekly","0.5"
"https://infina.cz/reporting","","weekly","0.5"
"https://infina.cz/reporting?do=login","","weekly","0.5"
"https://infina.cz/rozsirena-verze-kalkulatoru-pro-dodavatele-fotovoltaiky","","weekly","0.5"
"https://infina.cz/sklad","","weekly","0.5"
"https://infina.cz/sklad?do=login","","weekly","0.5"
"https://infina.cz/ukoly","","weekly","0.5"
"https://infina.cz/ukoly?do=login","","weekly","0.5"
"https://infina.cz/vlastni-evidence","","weekly","0.5"
"https://infina.cz/vlastni-evidence?do=login","","weekly","0.5"
"https://infina.cz/zabezpeceni","","weekly","0.5"
"https://infina.cz/zabezpeceni?do=login","","weekly","0.5"
"https://infina.cz/zakaznici","","weekly","0.5"
"https://infina.cz/zakaznici?do=login","","weekly","0.5"
"https://infina.cz/zkusit-infinu","","weekly","0.5"
"https://infina.cz/zkusit-infinu?do=login","","weekly","0.5"
"https://infina.cz/zpracovani-osobnich-udaju","","weekly","0.5"
"https://infina.cz/zpracovani-osobnich-udaju?do=login","","weekly","0.5"